精算申請ID,関連決裁番号,支出日,事前承認日,精算決裁日,金額税込,人数,社外人数,インボイス,店舗,申請科目,社内役職,社外役職,事後理由
EXP-2026-0900,ADV-2026-0900,2026-06-01,2026-06-01,2026-06-04,22000,8,0,登録,社内懇親会 宴会場,福利厚生費,担当者,,
EXP-2026-0901,ADV-2026-0901,2026-06-02,2026-06-01,2026-06-05,20371,3,2,登録,ファミレス ガスト,会議費,主任,担当者,
EXP-2026-0902,ADV-2026-0902,2026-06-03,2026-06-01,2026-06-06,27922,4,3,登録,喫茶室ルノアール,会議費,係長,担当者,
EXP-2026-0903,ADV-2026-0903,2026-06-04,2026-06-02,2026-06-07,35854,5,4,登録,ホテルラウンジ,会議費,課長,担当者,
EXP-2026-0904,ADV-2026-0904,2026-06-05,2026-06-03,2026-06-08,44167,6,5,登録,定食屋 大戸屋,会議費,部長,担当者,
EXP-2026-0905,ADV-2026-0905,2026-06-06,2026-06-04,2026-06-09,52861,7,6,登録,中華料理 福しん,会議費,担当者,担当者,
EXP-2026-0906,ADV-2026-0906,2026-06-07,2026-06-05,2026-06-10,15484,2,1,登録,ドトール,会議費,主任,担当者,
EXP-2026-0907,ADV-2026-0907,2026-06-08,2026-06-06,2026-06-11,23796,3,2,登録,サイゼリヤ,会議費,係長,担当者,
EXP-2026-0908,ADV-2026-0908,2026-06-09,2026-06-07,2026-06-12,32490,4,3,登録,そば処 やぶ,会議費,課長,担当者,
EXP-2026-0909,ADV-2026-0909,2026-06-10,2026-06-08,2026-06-13,41564,5,2,登録,焼肉ライク,会議費,部長,担当者,
EXP-2026-0910,ADV-2026-0910,2026-06-11,2026-06-09,2026-06-14,51018,6,1,登録,ベローチェ,会議費,担当者,担当者,
EXP-2026-0911,ADV-2026-0911,2026-06-12,2026-06-10,2026-06-15,60853,7,6,登録,居酒屋 鳥貴族,会議費,主任,担当者,
EXP-2026-0912,ADV-2026-0912,2026-06-13,2026-06-11,2026-06-16,17767,2,1,登録,タリーズ会議室,会議費,係長,担当者,
EXP-2026-0913,ADV-2026-0913,2026-06-14,2026-06-12,2026-06-17,27222,3,2,登録,びっくりドンキー,会議費,課長,担当者,
EXP-2026-0914,ADV-2026-0914,2026-06-15,2026-06-13,2026-06-18,37057,4,3,登録,ロイヤルホスト,会議費,部長,担当者,
EXP-2026-0915,ADV-2026-0915,2026-06-16,2026-06-14,2026-06-19,47273,5,4,登録,ココス,会議費,担当者,担当者,
EXP-2026-0916,ADV-2026-0916,2026-06-17,2026-06-15,2026-06-20,57869,6,2,登録,大衆食堂 まる,会議費,主任,担当者,
EXP-2026-0917,ADV-2026-0917,2026-06-18,2026-06-16,2026-06-21,68846,7,6,登録,ラーメン日高,会議費,係長,担当者,
EXP-2026-0918,ADV-2026-0918,2026-06-19,2026-06-17,2026-06-22,20051,2,1,登録,カレーハウス,会議費,課長,担当者,
EXP-2026-0919,ADV-2026-0919,2026-06-20,2026-06-18,2026-06-23,30250,11,0,登録,社内懇親会 宴会場,福利厚生費,部長,,
EXP-2026-0920,ADV-2026-0920,2026-06-21,2026-06-19,2026-06-24,26664,4,3,登録,カフェ会議室,会議費,担当者,担当者,
EXP-2026-1091,ADV-2026-1091,2026-06-10,2026-06-05,2026-06-13,88000,4,2,登録,レイクウッドカントリークラブ,交際費,部長,部長,
EXP-2026-1092,,2026-06-12,,2026-06-20,72000,3,2,登録,富士桜ゴルフ倶楽部,旅費交通費,課長,担当者,
EXP-2026-1093,ADV-2026-1093,2026-06-09,2026-06-04,2026-06-12,45000,2,1,登録,出張旅費 取引先訪問,旅費交通費,課長,担当者,
EXP-2026-1094,ADV-2026-1094,2026-06-08,2026-06-03,2026-06-11,36000,1,0,登録,出張旅費 新幹線,旅費交通費,担当者,,
EXP-2026-1095,ADV-2026-1095,2026-06-07,2026-06-02,2026-06-10,12000,1,1,登録,百貨店 手土産(取引先),交際費,部長,部長,
EXP-2026-1096,ADV-2026-1096,2026-06-06,2026-06-01,2026-06-09,9800,1,1,登録,菓子折 手土産(取引先),会議費,課長,担当者,
EXP-2026-0079,ADV-2026-0079,2026-06-10,2026-06-12,2026-06-14,34000,4,2,登録,ガスト,会議費,課長,担当者,急な顧客からの呼び出しで事前申請の時間的猶予がなかった
EXP-2026-0921,ADV-2026-0921,2026-06-22,2026-06-20,2026-06-25,34282,5,2,登録,ファミレス ガスト,会議費,主任,担当者,
EXP-2026-0922,ADV-2026-0922,2026-06-23,2026-06-21,2026-06-26,42280,6,3,登録,喫茶室ルノアール,会議費,係長,担当者,
EXP-2026-0923,ADV-2026-0923,2026-06-24,2026-06-22,2026-06-27,50658,7,6,登録,ホテルラウンジ,会議費,課長,担当者,
EXP-2026-0924,ADV-2026-0924,2026-06-01,2026-06-01,2026-06-04,14854,2,1,登録,定食屋 大戸屋,会議費,部長,担当者,
EXP-2026-0925,ADV-2026-0925,2026-06-02,2026-06-01,2026-06-05,22853,3,2,登録,中華料理 福しん,会議費,担当者,担当者,
EXP-2026-0926,ADV-2026-0926,2026-06-03,2026-06-01,2026-06-06,31231,4,3,登録,ドトール,会議費,主任,担当者,
EXP-2026-0927,ADV-2026-0927,2026-06-04,2026-06-02,2026-06-07,39990,5,4,登録,サイゼリヤ,会議費,係長,担当者,
EXP-2026-0928,ADV-2026-0928,2026-06-05,2026-06-03,2026-06-08,49130,6,4,登録,そば処 やぶ,会議費,課長,担当者,
EXP-2026-0929,ADV-2026-0929,2026-06-06,2026-06-04,2026-06-09,58651,7,6,登録,焼肉ライク,会議費,部長,担当者,
EXP-2026-0930,ADV-2026-0930,2026-06-07,2026-06-05,2026-06-10,17138,2,1,登録,ベローチェ,会議費,担当者,担当者,
EXP-2026-0931,ADV-2026-0931,2026-06-08,2026-06-06,2026-06-11,26278,3,2,登録,居酒屋 鳥貴族,会議費,主任,担当者,
EXP-2026-0932,ADV-2026-0932,2026-06-09,2026-06-07,2026-06-12,35798,4,3,登録,タリーズ会議室,会議費,係長,担当者,
EXP-2026-0933,ADV-2026-0933,2026-06-10,2026-06-08,2026-06-13,45700,5,2,登録,びっくりドンキー,会議費,課長,担当者,
EXP-2026-0934,ADV-2026-0934,2026-06-11,2026-06-09,2026-06-14,55981,6,5,登録,ロイヤルホスト,会議費,部長,担当者,
EXP-2026-0935,ADV-2026-0935,2026-06-12,2026-06-10,2026-06-15,66644,7,6,登録,ココス,会議費,担当者,担当者,
EXP-2026-0936,ADV-2026-0936,2026-06-13,2026-06-11,2026-06-16,19422,2,1,登録,大衆食堂 まる,会議費,主任,担当者,
EXP-2026-0937,ADV-2026-0937,2026-06-14,2026-06-12,2026-06-17,29703,3,2,登録,ラーメン日高,会議費,係長,担当者,
EXP-2026-0938,ADV-2026-0938,2026-06-15,2026-06-13,2026-06-18,38500,14,0,登録,社内懇親会 宴会場,福利厚生費,課長,,
EXP-2026-0939,ADV-2026-0939,2026-06-16,2026-06-14,2026-06-19,51409,5,4,登録,うどん さぬき,会議費,部長,担当者,
EXP-2026-0940,ADV-2026-0940,2026-06-17,2026-06-15,2026-06-20,40392,6,1,登録,カフェ会議室,会議費,担当者,担当者,
EXP-2026-0941,ADV-2026-0941,2026-06-18,2026-06-16,2026-06-21,48456,7,6,登録,ファミレス ガスト,会議費,主任,担当者,
EXP-2026-0045,ADV-2026-0045,2026-06-12,2026-06-10,2026-06-15,44000,4,2,未登録,和食さと,会議費,課長,担当者,
EXP-2026-0942,ADV-2026-0942,2026-06-19,2026-06-17,2026-06-22,14225,2,1,登録,喫茶室ルノアール,会議費,係長,担当者,
EXP-2026-0943,ADV-2026-0943,2026-06-20,2026-06-18,2026-06-23,21909,3,2,登録,ホテルラウンジ,会議費,課長,担当者,
EXP-2026-0944,ADV-2026-0944,2026-06-21,2026-06-19,2026-06-24,29973,4,3,登録,定食屋 大戸屋,会議費,部長,担当者,
EXP-2026-0945,ADV-2026-0945,2026-06-22,2026-06-20,2026-06-25,38418,5,2,登録,中華料理 福しん,会議費,担当者,担当者,
EXP-2026-0946,ADV-2026-0946,2026-06-23,2026-06-21,2026-06-26,47243,6,2,登録,ドトール,会議費,主任,担当者,
EXP-2026-0947,ADV-2026-0947,2026-06-24,2026-06-22,2026-06-27,56449,7,6,登録,サイゼリヤ,会議費,係長,担当者,
EXP-2026-0948,ADV-2026-0948,2026-06-01,2026-06-01,2026-06-04,16509,2,1,登録,そば処 やぶ,会議費,課長,担当者,
EXP-2026-0949,ADV-2026-0949,2026-06-02,2026-06-01,2026-06-05,25334,3,2,登録,焼肉ライク,会議費,部長,担当者,
EXP-2026-0950,ADV-2026-0950,2026-06-03,2026-06-01,2026-06-06,34540,4,3,登録,ベローチェ,会議費,担当者,担当者,
EXP-2026-0951,ADV-2026-0951,2026-06-04,2026-06-02,2026-06-07,44126,5,4,登録,居酒屋 鳥貴族,会議費,主任,担当者,
EXP-2026-0952,ADV-2026-0952,2026-06-05,2026-06-03,2026-06-08,54094,6,3,登録,タリーズ会議室,会議費,係長,担当者,
EXP-2026-0953,ADV-2026-0953,2026-06-06,2026-06-04,2026-06-09,64441,7,6,登録,びっくりドンキー,会議費,課長,担当者,
EXP-2026-0954,ADV-2026-0954,2026-06-07,2026-06-05,2026-06-10,18792,2,1,登録,ロイヤルホスト,会議費,部長,担当者,
EXP-2026-0955,ADV-2026-0955,2026-06-08,2026-06-06,2026-06-11,28760,3,2,登録,ココス,会議費,担当者,担当者,
EXP-2026-0956,ADV-2026-0956,2026-06-09,2026-06-07,2026-06-12,39107,4,3,登録,大衆食堂 まる,会議費,主任,担当者,
EXP-2026-0957,ADV-2026-0957,2026-06-10,2026-06-08,2026-06-13,24750,9,0,登録,社内懇親会 宴会場,福利厚生費,係長,,
EXP-2026-0958,ADV-2026-0958,2026-06-11,2026-06-09,2026-06-14,60944,6,4,登録,カレーハウス,会議費,課長,担当者,
EXP-2026-0959,ADV-2026-0959,2026-06-12,2026-06-10,2026-06-15,46254,7,6,登録,うどん さぬき,会議費,部長,担当者,
EXP-2026-0960,ADV-2026-0960,2026-06-13,2026-06-11,2026-06-16,13596,2,1,登録,カフェ会議室,会議費,担当者,担当者,
EXP-2026-0961,ADV-2026-0961,2026-06-14,2026-06-12,2026-06-17,20965,3,2,登録,ファミレス ガスト,会議費,主任,担当者,
EXP-2026-0962,ADV-2026-0962,2026-06-15,2026-06-13,2026-06-18,28714,4,3,登録,喫茶室ルノアール,会議費,係長,担当者,
EXP-2026-0080,ADV-2026-0080,2026-06-10,2026-06-12,2026-06-14,34000,4,2,登録,サイゼリヤ,会議費,課長,担当者,
EXP-2026-0963,ADV-2026-0963,2026-06-16,2026-06-14,2026-06-19,36844,5,4,登録,ホテルラウンジ,会議費,課長,担当者,
EXP-2026-0964,ADV-2026-0964,2026-06-17,2026-06-15,2026-06-20,45355,6,5,登録,定食屋 大戸屋,会議費,部長,担当者,
EXP-2026-0965,ADV-2026-0965,2026-06-18,2026-06-16,2026-06-21,54247,7,6,登録,中華料理 福しん,会議費,担当者,担当者,
EXP-2026-0966,ADV-2026-0966,2026-06-19,2026-06-17,2026-06-22,15880,2,1,登録,ドトール,会議費,主任,担当者,
EXP-2026-0967,ADV-2026-0967,2026-06-20,2026-06-18,2026-06-23,24390,3,2,登録,サイゼリヤ,会議費,係長,担当者,
EXP-2026-0968,ADV-2026-0968,2026-06-21,2026-06-19,2026-06-24,33282,4,3,登録,そば処 やぶ,会議費,課長,担当者,
EXP-2026-0969,ADV-2026-0969,2026-06-22,2026-06-20,2026-06-25,42554,5,2,登録,焼肉ライク,会議費,部長,担当者,
EXP-2026-0970,ADV-2026-0970,2026-06-23,2026-06-21,2026-06-26,52206,6,1,登録,ベローチェ,会議費,担当者,担当者,
EXP-2026-0971,ADV-2026-0971,2026-06-24,2026-06-22,2026-06-27,62239,7,6,登録,居酒屋 鳥貴族,会議費,主任,担当者,
EXP-2026-0972,ADV-2026-0972,2026-06-01,2026-06-01,2026-06-04,18163,2,1,登録,タリーズ会議室,会議費,係長,担当者,
EXP-2026-0973,ADV-2026-0973,2026-06-02,2026-06-01,2026-06-05,27816,3,2,登録,びっくりドンキー,会議費,課長,担当者,
EXP-2026-0974,ADV-2026-0974,2026-06-03,2026-06-01,2026-06-06,37849,4,3,登録,ロイヤルホスト,会議費,部長,担当者,
EXP-2026-0975,ADV-2026-0975,2026-06-04,2026-06-02,2026-06-07,48263,5,4,登録,ココス,会議費,担当者,担当者,
EXP-2026-0976,ADV-2026-0976,2026-06-05,2026-06-03,2026-06-08,33000,12,0,登録,社内懇親会 宴会場,福利厚生費,主任,,
EXP-2026-0977,ADV-2026-0977,2026-06-06,2026-06-04,2026-06-09,70232,7,6,登録,ラーメン日高,会議費,係長,担当者,
EXP-2026-0978,ADV-2026-0978,2026-06-07,2026-06-05,2026-06-10,20447,2,1,登録,カレーハウス,会議費,課長,担当者,
EXP-2026-0979,ADV-2026-0979,2026-06-08,2026-06-06,2026-06-11,20021,3,2,登録,うどん さぬき,会議費,部長,担当者,
EXP-2026-0980,ADV-2026-0980,2026-06-09,2026-06-07,2026-06-12,27456,4,3,登録,カフェ会議室,会議費,担当者,担当者,
EXP-2026-0981,ADV-2026-0981,2026-06-10,2026-06-08,2026-06-13,35272,5,2,登録,ファミレス ガスト,会議費,主任,担当者,
EXP-2026-0982,ADV-2026-0982,2026-06-11,2026-06-09,2026-06-14,43468,6,3,登録,喫茶室ルノアール,会議費,係長,担当者,
EXP-2026-0983,ADV-2026-0983,2026-06-12,2026-06-10,2026-06-15,52044,7,6,登録,ホテルラウンジ,会議費,課長,担当者,
EXP-2026-0250,ADV-2026-0250,2026-06-15,2026-06-12,2026-06-18,48000,6,0,登録,社員食堂ケータリング,会議費,部長,,
EXP-2026-0984,ADV-2026-0984,2026-06-13,2026-06-11,2026-06-16,15250,2,1,登録,定食屋 大戸屋,会議費,部長,担当者,
EXP-2026-0985,ADV-2026-0985,2026-06-14,2026-06-12,2026-06-17,23447,3,2,登録,中華料理 福しん,会議費,担当者,担当者,
EXP-2026-0986,ADV-2026-0986,2026-06-15,2026-06-13,2026-06-18,32023,4,3,登録,ドトール,会議費,主任,担当者,
EXP-2026-0987,ADV-2026-0987,2026-06-16,2026-06-14,2026-06-19,40980,5,4,登録,サイゼリヤ,会議費,係長,担当者,
EXP-2026-0988,ADV-2026-0988,2026-06-17,2026-06-15,2026-06-20,50318,6,4,登録,そば処 やぶ,会議費,課長,担当者,
EXP-2026-0989,ADV-2026-0989,2026-06-18,2026-06-16,2026-06-21,60037,7,6,登録,焼肉ライク,会議費,部長,担当者,
EXP-2026-0990,ADV-2026-0990,2026-06-19,2026-06-17,2026-06-22,17534,2,1,登録,ベローチェ,会議費,担当者,担当者,
EXP-2026-0991,ADV-2026-0991,2026-06-20,2026-06-18,2026-06-23,26872,3,2,登録,居酒屋 鳥貴族,会議費,主任,担当者,
EXP-2026-0992,ADV-2026-0992,2026-06-21,2026-06-19,2026-06-24,36590,4,3,登録,タリーズ会議室,会議費,係長,担当者,
EXP-2026-0993,ADV-2026-0993,2026-06-22,2026-06-20,2026-06-25,46690,5,2,登録,びっくりドンキー,会議費,課長,担当者,
EXP-2026-0994,ADV-2026-0994,2026-06-23,2026-06-21,2026-06-26,57169,6,5,登録,ロイヤルホスト,会議費,部長,担当者,
EXP-2026-0995,ADV-2026-0995,2026-06-24,2026-06-22,2026-06-27,41250,15,0,登録,社内懇親会 宴会場,福利厚生費,担当者,,
EXP-2026-0996,ADV-2026-0996,2026-06-01,2026-06-01,2026-06-04,19818,2,1,登録,大衆食堂 まる,会議費,主任,担当者,
EXP-2026-0997,ADV-2026-0997,2026-06-02,2026-06-01,2026-06-05,30297,3,2,登録,ラーメン日高,会議費,係長,担当者,
EXP-2026-0998,ADV-2026-0998,2026-06-03,2026-06-01,2026-06-06,41158,4,3,登録,カレーハウス,会議費,課長,担当者,
EXP-2026-0999,ADV-2026-0999,2026-06-04,2026-06-02,2026-06-07,33698,5,4,登録,うどん さぬき,会議費,部長,担当者,
EXP-2026-1000,ADV-2026-1000,2026-06-05,2026-06-03,2026-06-08,41580,6,1,登録,カフェ会議室,会議費,担当者,担当者,
EXP-2026-1001,ADV-2026-1001,2026-06-06,2026-06-04,2026-06-09,49842,7,6,登録,ファミレス ガスト,会議費,主任,担当者,
EXP-2026-1002,ADV-2026-1002,2026-06-07,2026-06-05,2026-06-10,14621,2,1,登録,喫茶室ルノアール,会議費,係長,担当者,
EXP-2026-1003,ADV-2026-1003,2026-06-08,2026-06-06,2026-06-11,22503,3,2,登録,ホテルラウンジ,会議費,課長,担当者,
EXP-2026-1004,ADV-2026-1004,2026-06-09,2026-06-07,2026-06-12,30765,4,3,登録,定食屋 大戸屋,会議費,部長,担当者,
EXP-2026-0320,ADV-2026-0320,2026-06-18,2026-06-16,2026-06-21,80000,8,2,登録,新年会 宴会場,福利厚生費,部長,担当者,
EXP-2026-1005,ADV-2026-1005,2026-06-10,2026-06-08,2026-06-13,39408,5,2,登録,中華料理 福しん,会議費,担当者,担当者,
EXP-2026-1006,ADV-2026-1006,2026-06-11,2026-06-09,2026-06-14,48431,6,2,登録,ドトール,会議費,主任,担当者,
EXP-2026-1007,ADV-2026-1007,2026-06-12,2026-06-10,2026-06-15,57835,7,6,登録,サイゼリヤ,会議費,係長,担当者,
EXP-2026-1008,ADV-2026-1008,2026-06-13,2026-06-11,2026-06-16,16905,2,1,登録,そば処 やぶ,会議費,課長,担当者,
EXP-2026-1009,ADV-2026-1009,2026-06-14,2026-06-12,2026-06-17,25928,3,2,登録,焼肉ライク,会議費,部長,担当者,
EXP-2026-1010,ADV-2026-1010,2026-06-15,2026-06-13,2026-06-18,35332,4,3,登録,ベローチェ,会議費,担当者,担当者,
EXP-2026-1011,ADV-2026-1011,2026-06-16,2026-06-14,2026-06-19,45117,5,4,登録,居酒屋 鳥貴族,会議費,主任,担当者,
EXP-2026-1012,ADV-2026-1012,2026-06-17,2026-06-15,2026-06-20,55282,6,3,登録,タリーズ会議室,会議費,係長,担当者,
EXP-2026-1013,ADV-2026-1013,2026-06-18,2026-06-16,2026-06-21,65827,7,6,登録,びっくりドンキー,会議費,課長,担当者,
EXP-2026-1014,ADV-2026-1014,2026-06-19,2026-06-17,2026-06-22,27500,10,0,登録,社内懇親会 宴会場,福利厚生費,部長,,
EXP-2026-1015,ADV-2026-1015,2026-06-20,2026-06-18,2026-06-23,29354,3,2,登録,ココス,会議費,担当者,担当者,
EXP-2026-1016,ADV-2026-1016,2026-06-21,2026-06-19,2026-06-24,39899,4,3,登録,大衆食堂 まる,会議費,主任,担当者,
EXP-2026-1017,ADV-2026-1017,2026-06-22,2026-06-20,2026-06-25,50826,5,2,登録,ラーメン日高,会議費,係長,担当者,
EXP-2026-1018,ADV-2026-1018,2026-06-23,2026-06-21,2026-06-26,39692,6,4,登録,カレーハウス,会議費,課長,担当者,
EXP-2026-1019,ADV-2026-1019,2026-06-24,2026-06-22,2026-06-27,47640,7,6,登録,うどん さぬき,会議費,部長,担当者,
EXP-2026-1020,ADV-2026-1020,2026-06-01,2026-06-01,2026-06-04,13992,2,1,登録,カフェ会議室,会議費,担当者,担当者,
EXP-2026-1021,ADV-2026-1021,2026-06-02,2026-06-01,2026-06-05,21559,3,2,登録,ファミレス ガスト,会議費,主任,担当者,
EXP-2026-1022,ADV-2026-1022,2026-06-03,2026-06-01,2026-06-06,29506,4,3,登録,喫茶室ルノアール,会議費,係長,担当者,
EXP-2026-1023,ADV-2026-1023,2026-06-04,2026-06-02,2026-06-07,37834,5,4,登録,ホテルラウンジ,会議費,課長,担当者,
EXP-2026-1024,ADV-2026-1024,2026-06-05,2026-06-03,2026-06-08,46543,6,5,登録,定食屋 大戸屋,会議費,部長,担当者,
EXP-2026-1025,ADV-2026-1025,2026-06-06,2026-06-04,2026-06-09,55633,7,6,登録,中華料理 福しん,会議費,担当者,担当者,
EXP-2026-0414,ADV-2026-0414,2026-06-01,2026-05-30,2026-06-20,35200,4,2,登録,ファミレス ジョナサン,会議費,課長,担当者,
EXP-2026-1026,ADV-2026-1026,2026-06-07,2026-06-05,2026-06-10,16276,2,1,登録,ドトール,会議費,主任,担当者,
EXP-2026-1027,ADV-2026-1027,2026-06-08,2026-06-06,2026-06-11,24984,3,2,登録,サイゼリヤ,会議費,係長,担当者,
EXP-2026-1028,ADV-2026-1028,2026-06-09,2026-06-07,2026-06-12,34074,4,3,登録,そば処 やぶ,会議費,課長,担当者,
EXP-2026-1029,ADV-2026-1029,2026-06-10,2026-06-08,2026-06-13,43544,5,2,登録,焼肉ライク,会議費,部長,担当者,
EXP-2026-1030,ADV-2026-1030,2026-06-11,2026-06-09,2026-06-14,53394,6,1,登録,ベローチェ,会議費,担当者,担当者,
EXP-2026-1031,ADV-2026-1031,2026-06-12,2026-06-10,2026-06-15,63625,7,6,登録,居酒屋 鳥貴族,会議費,主任,担当者,
EXP-2026-1032,ADV-2026-1032,2026-06-13,2026-06-11,2026-06-16,18559,2,1,登録,タリーズ会議室,会議費,係長,担当者,
EXP-2026-1033,ADV-2026-1033,2026-06-14,2026-06-12,2026-06-17,35750,13,0,登録,社内懇親会 宴会場,福利厚生費,課長,,
EXP-2026-1034,ADV-2026-1034,2026-06-15,2026-06-13,2026-06-18,38641,4,3,登録,ロイヤルホスト,会議費,部長,担当者,
EXP-2026-1035,ADV-2026-1035,2026-06-16,2026-06-14,2026-06-19,49253,5,4,登録,ココス,会議費,担当者,担当者,
EXP-2026-1036,ADV-2026-1036,2026-06-17,2026-06-15,2026-06-20,60245,6,2,登録,大衆食堂 まる,会議費,主任,担当者,
EXP-2026-1037,ADV-2026-1037,2026-06-18,2026-06-16,2026-06-21,71618,7,6,登録,ラーメン日高,会議費,係長,担当者,
EXP-2026-1038,ADV-2026-1038,2026-06-19,2026-06-17,2026-06-22,13363,2,1,登録,カレーハウス,会議費,課長,担当者,
EXP-2026-1039,ADV-2026-1039,2026-06-20,2026-06-18,2026-06-23,20615,3,2,登録,うどん さぬき,会議費,部長,担当者,
EXP-2026-1040,ADV-2026-1040,2026-06-21,2026-06-19,2026-06-24,28248,4,3,登録,カフェ会議室,会議費,担当者,担当者,
EXP-2026-1041,ADV-2026-1041,2026-06-22,2026-06-20,2026-06-25,36262,5,2,登録,ファミレス ガスト,会議費,主任,担当者,
EXP-2026-1042,ADV-2026-1042,2026-06-23,2026-06-21,2026-06-26,44656,6,3,登録,喫茶室ルノアール,会議費,係長,担当者,
EXP-2026-1043,ADV-2026-1043,2026-06-24,2026-06-22,2026-06-27,53430,7,6,登録,ホテルラウンジ,会議費,課長,担当者,
EXP-2026-1044,ADV-2026-1044,2026-06-01,2026-06-01,2026-06-04,15646,2,1,登録,定食屋 大戸屋,会議費,部長,担当者,
EXP-2026-1045,ADV-2026-1045,2026-06-02,2026-06-01,2026-06-05,24041,3,2,登録,中華料理 福しん,会議費,担当者,担当者,
EXP-2026-1046,ADV-2026-1046,2026-06-03,2026-06-01,2026-06-06,32815,4,3,登録,ドトール,会議費,主任,担当者,
EXP-2026-0411,,2026-06-10,,2026-06-25,39600,4,2,登録,銀座 久兵衛(会員制),会議費,役員,担当者,
EXP-2026-1047,ADV-2026-1047,2026-06-04,2026-06-02,2026-06-07,41970,5,4,登録,サイゼリヤ,会議費,係長,担当者,
EXP-2026-1048,ADV-2026-1048,2026-06-05,2026-06-03,2026-06-08,51506,6,4,登録,そば処 やぶ,会議費,課長,担当者,
EXP-2026-1049,ADV-2026-1049,2026-06-06,2026-06-04,2026-06-09,61423,7,6,登録,焼肉ライク,会議費,部長,担当者,
EXP-2026-1050,ADV-2026-1050,2026-06-07,2026-06-05,2026-06-10,17930,2,1,登録,ベローチェ,会議費,担当者,担当者,
EXP-2026-1051,ADV-2026-1051,2026-06-08,2026-06-06,2026-06-11,27466,3,2,登録,居酒屋 鳥貴族,会議費,主任,担当者,
EXP-2026-1052,ADV-2026-1052,2026-06-09,2026-06-07,2026-06-12,22000,8,0,登録,社内懇親会 宴会場,福利厚生費,係長,,
EXP-2026-1053,ADV-2026-1053,2026-06-10,2026-06-08,2026-06-13,47680,5,2,登録,びっくりドンキー,会議費,課長,担当者,
EXP-2026-1054,ADV-2026-1054,2026-06-11,2026-06-09,2026-06-14,58357,6,5,登録,ロイヤルホスト,会議費,部長,担当者,
EXP-2026-1055,ADV-2026-1055,2026-06-12,2026-06-10,2026-06-15,69416,7,6,登録,ココス,会議費,担当者,担当者,
EXP-2026-1056,ADV-2026-1056,2026-06-13,2026-06-11,2026-06-16,20214,2,1,登録,大衆食堂 まる,会議費,主任,担当者,
EXP-2026-1057,ADV-2026-1057,2026-06-14,2026-06-12,2026-06-17,30891,3,2,登録,ラーメン日高,会議費,係長,担当者,
EXP-2026-1058,ADV-2026-1058,2026-06-15,2026-06-13,2026-06-18,26990,4,3,登録,カレーハウス,会議費,課長,担当者,
EXP-2026-1059,ADV-2026-1059,2026-06-16,2026-06-14,2026-06-19,34688,5,4,登録,うどん さぬき,会議費,部長,担当者,
EXP-2026-1060,ADV-2026-1060,2026-06-17,2026-06-15,2026-06-20,42768,6,1,登録,カフェ会議室,会議費,担当者,担当者,
EXP-2026-1061,ADV-2026-1061,2026-06-18,2026-06-16,2026-06-21,51228,7,6,登録,ファミレス ガスト,会議費,主任,担当者,
EXP-2026-1062,ADV-2026-1062,2026-06-19,2026-06-17,2026-06-22,15017,2,1,登録,喫茶室ルノアール,会議費,係長,担当者,
EXP-2026-1063,ADV-2026-1063,2026-06-20,2026-06-18,2026-06-23,23097,3,2,登録,ホテルラウンジ,会議費,課長,担当者,
EXP-2026-1064,ADV-2026-1064,2026-06-21,2026-06-19,2026-06-24,31557,4,3,登録,定食屋 大戸屋,会議費,部長,担当者,
EXP-2026-1065,ADV-2026-1065,2026-06-22,2026-06-20,2026-06-25,40398,5,2,登録,中華料理 福しん,会議費,担当者,担当者,
EXP-2026-1066,ADV-2026-1066,2026-06-23,2026-06-21,2026-06-26,49619,6,2,登録,ドトール,会議費,主任,担当者,
EXP-2026-1067,ADV-2026-1067,2026-06-24,2026-06-22,2026-06-27,59221,7,6,登録,サイゼリヤ,会議費,係長,担当者,
EXP-2026-0412,ADV-2026-0412,2026-06-25,2026-06-26,2026-07-05,49500,4,2,未登録,割烹 みつ田,会議費,本部長,担当者,多忙のため申請が漏れた
EXP-2026-1068,ADV-2026-1068,2026-06-01,2026-06-01,2026-06-04,17301,2,1,登録,そば処 やぶ,会議費,課長,担当者,
EXP-2026-1069,ADV-2026-1069,2026-06-02,2026-06-01,2026-06-05,26522,3,2,登録,焼肉ライク,会議費,部長,担当者,
EXP-2026-1070,ADV-2026-1070,2026-06-03,2026-06-01,2026-06-06,36124,4,3,登録,ベローチェ,会議費,担当者,担当者,
EXP-2026-1071,ADV-2026-1071,2026-06-04,2026-06-02,2026-06-07,30250,11,0,登録,社内懇親会 宴会場,福利厚生費,主任,,
EXP-2026-1072,ADV-2026-1072,2026-06-05,2026-06-03,2026-06-08,56470,6,3,登録,タリーズ会議室,会議費,係長,担当者,
EXP-2026-1073,ADV-2026-1073,2026-06-06,2026-06-04,2026-06-09,67213,7,6,登録,びっくりドンキー,会議費,課長,担当者,
EXP-2026-1074,ADV-2026-1074,2026-06-07,2026-06-05,2026-06-10,19584,2,1,登録,ロイヤルホスト,会議費,部長,担当者,
EXP-2026-1075,ADV-2026-1075,2026-06-08,2026-06-06,2026-06-11,29948,3,2,登録,ココス,会議費,担当者,担当者,
EXP-2026-1076,ADV-2026-1076,2026-06-09,2026-06-07,2026-06-12,40691,4,3,登録,大衆食堂 まる,会議費,主任,担当者,
EXP-2026-1077,ADV-2026-1077,2026-06-10,2026-06-08,2026-06-13,33116,5,2,登録,ラーメン日高,会議費,係長,担当者,
EXP-2026-1078,ADV-2026-1078,2026-06-11,2026-06-09,2026-06-14,40880,6,4,登録,カレーハウス,会議費,課長,担当者,
EXP-2026-1079,ADV-2026-1079,2026-06-12,2026-06-10,2026-06-15,49026,7,6,登録,うどん さぬき,会議費,部長,担当者,
EXP-2026-1080,ADV-2026-1080,2026-06-13,2026-06-11,2026-06-16,14388,2,1,登録,カフェ会議室,会議費,担当者,担当者,
EXP-2026-1081,ADV-2026-1081,2026-06-14,2026-06-12,2026-06-17,22153,3,2,登録,ファミレス ガスト,会議費,主任,担当者,
EXP-2026-1082,ADV-2026-1082,2026-06-15,2026-06-13,2026-06-18,30298,4,3,登録,喫茶室ルノアール,会議費,係長,担当者,
EXP-2026-1083,ADV-2026-1083,2026-06-16,2026-06-14,2026-06-19,38824,5,4,登録,ホテルラウンジ,会議費,課長,担当者,
EXP-2026-1084,ADV-2026-1084,2026-06-17,2026-06-15,2026-06-20,47731,6,5,登録,定食屋 大戸屋,会議費,部長,担当者,
EXP-2026-1085,ADV-2026-1085,2026-06-18,2026-06-16,2026-06-21,57019,7,6,登録,中華料理 福しん,会議費,担当者,担当者,
EXP-2026-1086,ADV-2026-1086,2026-06-19,2026-06-17,2026-06-22,16672,2,1,登録,ドトール,会議費,主任,担当者,
EXP-2026-1087,ADV-2026-1087,2026-06-20,2026-06-18,2026-06-23,25578,3,2,登録,サイゼリヤ,会議費,係長,担当者,
EXP-2026-1088,ADV-2026-1088,2026-06-21,2026-06-19,2026-06-24,34866,4,3,登録,そば処 やぶ,会議費,課長,担当者,
EXP-2026-0413,ADV-2026-0413,2026-06-12,2026-06-09,2026-06-15,88000,4,2,登録,鉄板焼 銀座うかい亭,会議費,専務,担当者,
EXP-2026-1089,ADV-2026-1089,2026-06-22,2026-06-20,2026-06-25,44534,5,2,登録,焼肉ライク,会議費,部長,担当者,
EXP-2026-1090,ADV-2026-1090,2026-06-23,2026-06-21,2026-06-26,38500,14,0,登録,社内懇親会 宴会場,福利厚生費,担当者,,